Date,Open,High,Low,Close,Volume
2023-07-17,20632.025301846592,21399.728568892046,20584.043847656252,21111.83984375,2698400
2023-07-18,21207.80376680492,21207.80376680492,20823.952114917047,20967.896484375,1472600
2023-07-19,20919.916042626726,21399.73063076037,20823.953125,20823.953125,3177200
2023-07-20,20823.95120821221,20919.914117005814,20200.19230105378,20632.025390625,3169600
2023-07-21,20727.988210227275,21351.747114701706,20488.08093927557,21111.83984375,2070400
2023-07-24,21303.765625,21591.654349662163,21015.876900337837,21303.765625,1992800
2023-07-25,21303.765696674312,21399.72860521789,20919.9140625,20919.9140625,2336100
2023-07-26,20919.91409866898,21015.877007378473,20632.02537254051,20727.98828125,2299500
2023-07-27,20680.008748559907,20919.916042626726,20584.045830933177,20823.953125,2587700
2023-07-28,20871.932572798298,21255.784206321023,20680.00675603693,21111.83984375,3955800
2023-07-31,21399.729481263985,21687.61821868009,21111.840743847875,21447.7109375,2665400
2023-08-01,21495.69147727273,21639.63583984375,21063.85838955966,21111.83984375,3020300
2023-08-02,20919.91404466324,21111.83986158676,20823.951136201485,21015.876953125,2040200
2023-08-03,21015.876971043577,21447.71005948968,20823.951153956423,20919.9140625,1908000
2023-08-04,21015.876953125,21111.83986158676,20775.969681970604,21015.876953125,2347900
2023-08-07,21111.839723292953,21879.54298595815,21111.839723292953,21783.580078125,4317300
2023-08-08,21879.543003318584,21927.52445727323,21447.70991772677,21687.6171875,2682200
2023-08-09,21591.653366605533,21783.579174308692,21255.783203125,21255.783203125,2606700
2023-08-10,21159.820394449303,21351.746203015737,20584.04296875,20584.04296875,3053500
2023-08-11,20584.044010108115,20775.969828384183,19672.3963732968,20248.173828125,3906500
2023-08-14,20536.061503045243,20775.968763594836,20296.15424249565,20680.005859375,2159100
2023-08-15,20727.987325174825,20967.894585882867,20584.04296875,20584.04296875,2436600
2023-08-16,20488.080078125,20775.968791166568,20488.080078125,20488.080078125,2035600
2023-08-17,20632.025427303404,20823.95124523181,20392.118154892898,20440.099609375,2629500
2023-08-18,20392.117394127832,20440.0988468199,19048.63671875,19048.63671875,4869000
2023-08-21,18712.767618604274,18760.749074036594,18089.008697984133,18520.841796875,3048800
2023-08-22,18328.91504675197,18712.766670767716,17465.248892716536,18280.93359375,2986700
2023-08-23,18712.767639160156,18808.730550130207,18376.897450764973,18424.87890625,1001100
2023-08-24,18424.878787878788,19048.637705176767,18376.89733270202,19000.65625,1837300
2023-08-25,19000.653327767177,19144.59767115935,18808.727536577608,18856.708984375,1642900
2023-08-28,19000.654258199258,19432.48730952197,18856.709907758355,19384.505859375,2407500
2023-08-29,19624.415968333837,20008.267625416163,19528.453054063255,19816.341796875,2319700
2023-08-30,19816.338862469805,20008.26466259058,19384.505812198066,19864.3203125,2164600
2023-08-31,20008.26735465532,20967.896484375,19912.30444168335,20967.896484375,5976100
2023-09-01,20967.896484375,20967.896484375,20967.896484375,20967.896484375,0
2023-09-04,20967.896484375,20967.896484375,20967.896484375,20967.896484375,0
2023-09-05,21351.747114701706,21447.71002308239,20967.895481178977,21111.83984375,3268500
2023-09-06,21255.784206321023,21303.765660511366,20775.969664417615,21111.83984375,3422100
2023-09-07,21303.763654436385,21927.522500174386,21303.763654436385,21495.689453125,5152000
2023-09-08,21255.784085042676,22263.39461729075,21255.784085042676,21783.580078125,3404000
2023-09-11,22311.375202047413,22311.375202047413,20871.931640625,20871.931640625,4406700
2023-09-12,21015.8768154598,21783.580078125,20775.969545876927,21783.580078125,2385000
2023-09-13,21879.54305633408,22263.394688901346,21303.765607483183,21399.728515625,5665700
2023-09-14,21543.67293146307,21591.654385653408,21063.85838955966,21111.83984375,2618600
2023-09-15,21399.728463772124,22071.468819137168,21015.876832134956,21687.6171875,3130300
2023-09-18,21831.56062623448,21879.542078160273,20680.00578001552,21255.783203125,4330900
2023-09-19,21159.821245270457,21399.728515625,20823.9510667741,21399.728515625,2540100
2023-09-20,21543.672741646373,22167.431640625,21303.76547280844,22167.431640625,6505800
2023-09-21,22359.357438712286,22743.209068561424,22119.450170056574,22263.39453125,4683800
2023-09-22,21975.507070580665,21975.507070580665,20967.896484375,20967.896484375,5376200
2023-09-25,20919.913294686732,21495.690724815722,19528.451171875,19528.451171875,4890300
2023-09-26,19480.472027539578,19960.286609498682,18184.97265625,18184.97265625,7147500
2023-09-27,18328.914928369017,19048.63671875,17801.1189487563,19048.63671875,4359100
2023-09-28,19048.637745137115,19048.637745137115,18616.804647640307,18808.73046875,2073300
2023-09-29,19096.619220753204,19336.526497395833,18712.767578125,18712.767578125,1955800
2023-10-02,18904.69322533701,19576.43359375,18712.76740579044,19576.43359375,2740700
2023-10-03,19192.582236842107,19336.526603618422,18232.953125,18232.953125,3931200
2023-10-04,18280.934480168267,18952.67485476763,18041.027203525642,18712.767578125,2046900
2023-10-05,18904.693339646466,19480.47080176768,18856.711884469696,19000.65625,4016400
2023-10-06,19000.654258199258,19528.450209815903,18664.784107170482,19384.505859375,2399800
2023-10-09,19576.43359375,19816.34086818321,19240.563409543505,19576.43359375,2436000
2023-10-10,19816.339931421448,19816.339931421448,19240.5625,19240.5625,3350400
2023-10-11,19288.54291213768,19864.3203125,19240.561462107486,19864.3203125,2187000
2023-10-12,19912.302720323743,20296.154339028777,19912.302720323743,20008.265625,3522600
2023-10-13,19816.340683411214,20584.04395443925,19768.359228971964,20536.0625,4293700
2023-10-16,20584.04296875,21063.857490166083,20440.098612325175,20584.04296875,3658400
2023-10-17,20775.96791363707,21015.875164371908,19384.505859375,19384.505859375,3992400
2023-10-18,19768.3594921875,20152.2111328125,18712.767480468752,19192.58203125,3600400
2023-10-19,19048.637666015624,19672.39658203125,18904.69330078125,19192.58203125,3130900
2023-10-20,19288.544845655488,19864.322303734756,18664.785932736282,19672.396484375,2896100
2023-10-23,19720.377071795887,19768.358524525316,18760.74801720728,18952.673828125,2482600
2023-10-24,19096.61808526895,19672.39551497555,18904.69227536675,19624.4140625,1732000
2023-10-25,19720.37793921494,20056.248123094512,19672.396484375,19672.396484375,2486500
2023-10-26,19192.582215314134,19480.470948543847,18328.916015625,18328.916015625,4302900
2023-10-27,18712.767618604274,18712.767618604274,17561.21268822863,18520.841796875,1471800
2023-10-30,18520.842078993057,18520.842078993057,17273.32421875,17273.32421875,2345000
2023-10-31,17465.249248798074,17465.249248798074,16169.749991332284,16217.7314453125,2313300
2023-11-01,16217.732331557081,16697.54689757948,15785.899222136923,16601.583984375,1479400
2023-11-02,16841.48915751689,17753.13671875,16841.48915751689,17753.13671875,2148500
2023-11-03,17897.08107052365,17945.062521114865,17465.248015202702,17753.13671875,1245300
2023-11-06,17849.099619932433,18041.025422297298,17513.22946579392,17753.13671875,939200
2023-11-07,17609.193343495936,18184.970782520326,17417.267530487803,17705.15625,1632000
2023-11-08,17753.13843393084,18904.693359375,17609.19406825032,18904.693359375,2532900
2023-11-09,19096.61918028236,19384.507911643403,18808.73044892132,18904.693359375,2562000
2023-11-10,18520.840812742248,19144.599700218023,18520.840812742248,18568.822265625,2241300
2023-11-13,18712.76660909383,18856.71096762532,18376.896439187018,18664.78515625,1633900
2023-11-14,19000.65626982868,19000.65626982868,18568.82317278712,18904.693359375,1361200
2023-11-15,19624.414151054785,19624.414151054785,19048.63671875,19048.63671875,2589000
2023-11-16,19244.0078125,19244.0078125,18950.951855964468,19244.0078125,936200
2023-11-17,19341.693545147813,19878.96281029081,18657.896298602183,18999.794921875,3491800
2023-11-20,18755.581875,19634.749775390625,18560.21123046875,19537.064453125,2992800
2023-11-21,19830.11954488778,19830.11954488778,19390.535614089775,19585.90625,1338500
2023-11-22,19634.749137329403,19732.434456420597,19341.69318005583,19683.591796875,3150100
2023-11-23,19878.96348263439,19878.96348263439,18853.267578125,18853.267578125,2776300
2023-11-24,18853.267163523018,19097.48046875,18315.997892023657,19097.48046875,2200900
2023-11-27,19146.323550841968,19341.694199319947,18853.267578125,18853.267578125,1345200
2023-11-28,18950.95163026148,19146.322265625,18462.52504185268,19146.322265625,1256000
2023-11-29,19244.009121142946,19439.379772119017,19097.481132910896,19390.537109375,1369700
2023-11-30,19341.69380859375,19927.8057421875,19341.69380859375,19537.064453125,3408300
2023-12-01,19537.063818238214,19732.434456420597,19341.69318005583,19683.591796875,1179800
2023-12-04,19878.96248293386,20367.38907956614,19830.11982327063,20123.17578125,3141500
2023-12-05,20172.018440913227,20367.38907956614,19976.647802260315,20123.17578125,2609300
2023-12-06,20220.861553485574,20318.546875,20025.49091045673,20318.546875,1853800
2023-12-07,20318.545482673268,20318.545482673268,19488.22030669864,19732.43359375,3409800
2023-12-08,19732.434226932666,19927.80486284289,19537.063591022445,19585.90625,1284200
2023-12-11,19683.590314035628,19878.9609375,19537.062346437346,19878.9609375,1128600
2023-12-12,19976.646249232188,20220.859528562654,19878.9609375,19878.9609375,1283200
2023-12-13,19878.963962640977,20074.334615836466,19488.22265625,19488.22265625,1917800
2023-12-14,19683.593085839108,19732.435748583124,19341.694446630983,19390.537109375,1055000
2023-12-15,19390.536245681535,19634.74954852387,19195.165603407666,19439.37890625,961600
2023-12-18,19439.378866082905,19439.378866082905,18999.794921875,18999.794921875,1003400
2023-12-19,18999.79428910236,19146.322265625,18755.58099489796,19146.322265625,1243600
2023-12-20,19195.164294897153,19390.53492385285,19048.63632318038,19292.849609375,789200
2023-12-21,19244.00826397613,19488.22156681847,19195.165603407666,19439.37890625,958000
2023-12-22,19585.9067033179,19781.27734375,19439.378722993828,19781.27734375,1995500
2023-12-25,19830.118908570545,19927.80422339109,19585.905621519185,19732.43359375,1477400
2023-12-26,19781.276482643163,20025.48977255234,19732.43382466133,19830.119140625,1790200
2023-12-27,19830.120003858025,20025.490644290123,19732.434683641975,19781.27734375,1275100
2023-12-28,19878.961798606833,20025.48977255234,19683.591166679496,19830.119140625,1830100
2023-12-29,19976.64911925118,20806.97438826651,19976.64911925118,20709.2890625,7483700
2024-01-01,20709.2890625,20709.2890625,20709.2890625,20709.2890625,0
2024-01-02,20953.500811082937,20953.500811082937,20416.231559516706,20465.07421875,2681000
2024-01-03,20416.23205114294,21393.085259331598,20318.546730324073,21100.029296875,4320100
2024-01-04,21002.343521831193,21246.556818596673,20904.658203125,20904.658203125,2912300
2024-01-05,21002.34249569954,21441.926408400228,20953.499838732798,21295.3984375,2868500
2024-01-08,21490.77034883721,21490.77034883721,21002.34375,21002.34375,1878400
2024-01-09,21148.87149989048,21148.87149989048,20513.916928300234,20904.658203125,3126900
2024-01-10,20855.815994827837,21100.029296875,20611.60269278067,21100.029296875,1652900
2024-01-11,21100.03036556604,21148.873028449292,20660.446399616747,20709.2890625,1699700
2024-01-12,20513.916590073528,20709.287224264706,19830.119370404413,19927.8046875,3546100
2024-01-15,20074.333984375,20416.23261671229,19927.80599908759,20074.333984375,2017500
2024-01-16,20025.490285650358,20465.07421875,20025.490285650358,20465.07421875,1319800
2024-01-17,20465.075748083727,20953.502376916273,20416.23308520047,20709.2890625,2063200
2024-01-18,20709.286877962084,20904.657508886256,20465.073589306874,20611.6015625,1784700
2024-01-19,20611.603955765844,21148.87325319102,20611.603955765844,20806.974609375,2034500
2024-01-22,20953.50104383165,20953.50104383165,20367.389126521673,20562.759765625,2143000
2024-01-23,20465.075083171352,20562.760405764056,20318.547099282296,20416.232421875,1485300
2024-01-24,20367.389760578648,20806.973712245814,20367.389760578648,20416.232421875,1074100
2024-01-25,20416.232421875,20416.232421875,20416.232421875,20416.232421875,0
2024-01-26,20513.917996066433,20953.501953125,20465.075334171037,20953.501953125,2436000
2024-01-29,21100.0275,22174.5659375,21100.0275,21979.1953125,6728900
2024-01-30,21979.197303921566,22760.679874727666,21734.98400054466,22418.78125,3698000
2024-01-31,22565.308959960938,22565.308959960938,21490.770438058036,21881.51171875,4073900
2024-02-01,21930.353095641964,23395.6328125,21930.353095641964,23395.6328125,5949400
2024-02-02,23395.6328125,23395.6328125,23395.6328125,23395.6328125,0
2024-02-05,24225.958582834333,24763.227825598802,23737.531998502996,24470.171875,5140900
2024-02-06,24470.17318870908,24958.599799262152,24225.95988343254,24616.701171875,2648100
2024-02-07,24616.700536242603,24812.071175419132,24372.487237271944,24763.228515625,2757100
2024-02-08,24763.228515625,24763.228515625,24763.228515625,24763.228515625,0
2024-02-09,24763.228515625,24763.228515625,24763.228515625,24763.228515625,0
2024-02-15,24812.07223822645,24958.60022388527,24177.117633704907,24372.48828125,4639300
2024-02-16,24323.643688438086,26033.13671875,24274.801030429175,26033.13671875,7573400
2024-02-19,26326.193997055736,27547.260508978547,26179.666015625,26179.666015625,5352800
2024-02-20,26277.35062749335,27547.259765625,25740.081376745344,27547.259765625,5439800
2024-02-21,27596.103290130995,27840.31659358348,27058.834022535524,27498.41796875,3976300
2024-02-22,27449.57485465116,27644.945494186046,27107.676235465115,27303.046875,2740800
2024-02-23,27449.5739280853,27644.944561025408,26179.664813974592,26912.3046875,5825900
2024-02-26,26863.46198187934,28426.427042643227,26668.09134928385,28133.37109375,7028600
2024-02-27,28231.056640625,28719.48322610294,27986.843347886028,28231.056640625,3318500
2024-02-28,28231.056640625,29207.90981158088,27791.472713694853,28231.056640625,5552600
2024-02-29,28231.05791766827,28231.05791766827,27498.418006310094,27938.001953125,4998300
2024-03-01,27938.002211084906,28572.956806791382,27351.890276586622,28475.271484375,4188200
2024-03-04,28963.69663315331,30038.235125445677,28768.325998191063,29110.224609375,6026300
2024-03-05,28817.168429082492,29256.752354271885,28670.64045401936,29012.5390625,2287200
2024-03-06,28866.01120174632,28963.69651884191,28133.37132352941,28231.056640625,3513200
2024-03-07,28182.21443768793,28524.11305304983,27986.843800338273,28426.427734375,3414800
2024-03-08,28914.854094827588,29110.224730603448,27840.315598060344,28328.7421875,5529700
2024-03-11,28328.74246510152,29647.49426951142,28328.74246510152,28866.01171875,5766000
2024-03-12,28866.011524055575,30868.560546875,28817.16886496242,30868.560546875,9490400
2024-03-13,31454.67210477941,32236.154641544115,31063.930836397056,31552.357421875,3675000
2024-03-14,31552.358553258382,32382.68377834413,31063.931950266768,32040.78515625,4827500
2024-03-15,32040.78531430636,33799.12109375,31650.04402998555,33799.12109375,5677900
2024-03-18,33799.11928763441,34971.34307795699,31454.671706989247,31796.5703125,13916500
2024-03-19,31991.94094422043,33115.3220766129,31161.6157594086,31796.5703125,5437600
2024-03-20,31894.257175352515,32236.155797446645,31454.67323266006,32040.78515625,4024600
2024-03-21,32529.211800986843,32626.897121710525,31845.414555921052,32480.369140625,4064500
2024-03-22,32626.897121710525,32919.95308388158,31991.94253700658,32480.369140625,5647400
2024-03-25,32040.783062304075,32431.524319161443,30868.559291731974,31161.615234375,6119700
2024-03-26,31161.617775165927,33261.8522020188,31112.77511407633,33115.32421875,5040000
2024-03-27,33115.32307845247,33115.32307845247,32236.155209113025,32626.896484375,2580500
2024-03-28,32773.42464365072,32822.26730332829,32236.15538719743,32284.998046875,3194600
2024-03-29,32236.155613687784,32919.95285397813,32138.470293646304,32382.68359375,3228200
2024-04-01,32382.683137329284,32578.053774658572,31894.256544006068,32187.3125,3763000
2024-04-02,32040.787588652485,34434.078125,31991.94492464539,34434.078125,10181700
2024-04-03,34238.7052292427,34385.23321167883,33457.22265625,33457.22265625,3897300
2024-04-04,33359.53566960914,33603.74896148036,32333.83984375,32333.83984375,5221500
2024-04-05,32040.784126984126,32236.15476190476,30770.875,30770.875,7351500
2024-04-08,30868.56077484227,31650.0433261041,30575.504818119083,30966.24609375,3618000
2024-04-09,31259.301470588234,31601.200080422794,30868.56020220588,31552.357421875,2029700
2024-04-10,31698.88686993977,31747.729530756318,30868.561636058454,30917.404296875,2554900
2024-04-11,30477.818034874606,31552.356491232367,30428.975377767438,31161.615234375,2722100
2024-04-12,31210.46007385254,31503.516036987305,30917.404110717776,31259.302734375,2989100
2024-04-15,31259.30159395973,32480.368062473783,29110.224609375,29110.224609375,7398600
2024-04-16,29305.595526153214,29647.494140625,28621.79829720964,29647.494140625,5269100
2024-04-17,29989.392779232112,29989.392779232112,27986.84375,27986.84375,4711100
2024-04-19,26863.46231372331,28719.48334630783,26863.46231372331,27449.57421875,5880600
2024-04-22,28231.0581445993,28377.58612804878,27547.260888501743,28035.6875,2522300
2024-04-23,27986.842274541443,28231.055557914402,26423.877260954487,26961.146484375,4113200
2024-04-24,27449.57541710805,28817.169921875,27205.362112685383,28817.169921875,6235900
2024-04-25,29012.540338010203,29305.596301020407,28475.271072491498,28719.484375,3440300
2024-04-26,28377.585172526044,29745.179638671878,28377.585172526044,29305.595703125,3970200
2024-04-29,29305.595703125,29305.595703125,29305.595703125,29305.595703125,0
2024-04-30,29305.595703125,29305.595703125,29305.595703125,29305.595703125,0
2024-05-02,29305.595703125,29647.49431966146,28572.955810546875,29305.595703125,3824600
2024-05-03,29598.65226403061,29598.65226403061,28670.6417144983,28719.484375,3957900
2024-05-06,29159.066603440504,30526.661017002203,28817.16800005008,30477.818359375,6482900
2024-05-07,30575.505222823926,31015.089163727145,30087.07862182035,30722.033203125,3851600
2024-05-08,30282.448861395897,31405.83002883478,29794.022266857253,30966.24609375,5303200
2024-05-09,31063.930548720473,31943.098394438977,30868.55991633858,31015.087890625,5780200
2024-05-10,31063.932279324643,31161.61760095774,30477.820349526068,30917.404296875,3561300
2024-05-13,31063.93209228516,31503.516036987305,30575.50548706055,31259.302734375,3373900
2024-05-14,31454.672560096154,32089.62713040865,31356.98724158654,31747.728515625,4214600
2024-05-15,32089.62868260973,32089.62868260973,31552.3594048187,31991.943359375,3872800
2024-05-16,32236.154233870966,32626.895497311827,31747.72765456989,31796.5703125,4267900
2024-05-17,31650.042236694153,33359.53525873782,31552.3569211488,32578.052734375,6321300
2024-05-20,32871.10828218006,33701.43345424107,32724.58031063988,32822.265625,5485900
2024-05-21,32822.26602323838,32968.79399655641,32138.468814420914,32578.052734375,4039900
2024-05-22,33017.63836223323,33164.16634313072,31845.41451505335,32040.78515625,5201400
2024-05-23,31845.41393385105,32675.739143782746,31650.04329622006,32626.896484375,4457900
2024-05-24,32236.156135948906,34189.86256843066,32040.785492700732,33457.22265625,12307800
2024-05-27,33408.38218085107,35117.87542109929,32773.42754875887,34434.078125,7430800
2024-05-28,34678.291235077246,34775.9765625,34141.02193425211,34775.9765625,4463400
2024-05-29,34727.130344511104,36045.8821297457,33994.49046382521,34092.17578125,6868300
2024-05-30,33506.06442057292,35410.92814127605,33261.85112304688,35166.71484375,8152400
2024-05-31,35264.39717060811,35362.08248133001,34336.38671875,34336.38671875,2634500
2024-06-03,34336.38671875,34336.38671875,34336.38671875,34336.38671875,0
2024-06-04,34189.86155626781,34922.50144675926,34141.01889690171,34287.546875,3282900
2024-06-05,34678.28530627667,35459.76779205192,34287.54406338905,34336.38671875,4617800
2024-06-06,34385.2334770115,34629.446782956176,33799.12154274425,33994.4921875,3062400
2024-06-07,34092.1740625,34385.23,33994.48875,34189.859375,2124000
2024-06-10,34434.0753949413,35899.35519898136,34434.0753949413,35362.0859375,6186600
2024-06-11,35459.77385445927,35606.3018455934,34434.077916520364,34775.9765625,4490900
2024-06-12,34580.60526660839,34971.346569055946,34238.706626966785,34922.50390625,3275500
2024-06-13,35117.87365739922,35117.87365739922,34482.9190571959,34531.76171875,3580700
2024-06-14,34580.60397727273,34873.65994318182,32236.15625,32236.15625,5510300
2024-06-17,32626.895392147675,33115.321969874436,32236.154129966268,32578.052734375,5119400
2024-06-18,33017.63998067011,33506.0666076031,32724.58400451031,33164.16796875,2555200
2024-06-19,33164.164225260414,33213.00688244047,32626.894996279763,32822.265625,3074300
2024-06-20,32724.585075827206,33213.01171875,32626.89974724265,33213.01171875,2558700
2024-06-21,33213.008095151956,34043.33329753076,33213.008095151956,33750.27734375,3665100
2024-06-24,33261.852130681815,33603.750757575755,32236.15625,32236.15625,4719500
2024-06-25,32480.367024739582,32919.95093936012,32236.153738839286,32822.265625,2336500
2024-06-26,33164.16477420897,35117.87109375,32822.26616828929,35117.87109375,10259700
2024-06-27,35117.87218424479,35948.19739583333,34482.91761067708,35166.71484375,6491300
2024-06-28,35166.71463815789,35215.557297377556,32724.58167717471,33408.37890625,7376400
2024-07-01,33408.38108145044,33652.59439344934,32822.26913265306,33506.06640625,3247900
2024-07-02,33652.593112129696,33994.49173591041,33359.53714888909,33799.12109375,2052100
2024-07-03,33799.12109375,34287.547699151015,33603.75045158959,33799.12109375,3127200
2024-07-04,33701.4328125,34727.12859375,33359.53421875,34189.859375,5654700
2024-07-05,34189.86155626781,34629.44549056268,33799.120281339034,34287.546875,3118000
2024-07-08,34531.75948202055,35655.140625,34287.5461900685,35655.140625,6637100
2024-07-09,36534.306106085525,37608.84452097039,36290.09282997533,37120.41796875,8135400
2024-07-10,37266.95155194257,37413.479539695945,36143.5703125,36143.5703125,5595000
2024-07-11,36631.9958347429,36925.051801420836,35801.670595822055,36094.7265625,3800800
2024-07-12,36094.72388275066,37315.790319920845,35850.51059531662,37022.734375,5392500
2024-07-15,37022.73574472403,38097.27424918831,36729.67978896104,37608.84765625,4631600
2024-07-16,37608.848934473164,37853.06223924247,36925.05168111911,37315.79296875,3256100
2024-07-17,37315.793908227846,37315.793908227846,34727.1328125,34727.1328125,10716900
2024-07-18,34727.13198357316,35606.29988189147,33994.49206830791,35215.55859375,3847700
2024-07-19,35215.55597259964,35215.55597259964,33652.59093636776,33701.43359375,5131800
2024-07-22,33213.00989980916,33310.69522304389,31845.4153745229,31991.943359375,6232700
2024-07-23,32236.15674785539,32675.740703507967,29891.708984375,29891.708984375,3977100
2024-07-24,29891.707891341743,31943.099609375,29403.281291810017,31943.099609375,5005100
2024-07-25,31943.10028409091,32284.99891098485,31308.14569128788,32236.15625,1939700
2024-07-26,32284.997185375756,33066.47971936367,32138.46921025302,32333.83984375,2930200
2024-07-29,32724.580078125,32724.580078125,32333.838823460817,32724.580078125,2070300
2024-07-30,32822.26776315789,33017.63840460526,31747.72923519737,32480.369140625,2018800
2024-07-31,32480.369554924244,32968.79616477273,32089.628267045453,32236.15625,2859400
2024-08-01,32431.527219347136,32480.369880822054,30233.607452975717,30673.19140625,3734300
2024-08-02,29989.39338412867,31650.04383210974,29989.39338412867,31601.201171875,2308900
2024-08-05,30966.24636627907,31552.35828488372,29403.28125,29403.28125,4195100
2024-08-06,30575.504996511165,31015.088934160685,29696.33712121212,30624.34765625,3084900
2024-08-07,30770.874495967742,31894.255628360213,30575.503864247312,31796.5703125,4143000
2024-08-08,31356.98586280368,32040.783062304075,30917.401948839146,31161.615234375,3006900
2024-08-09,31845.413834134615,32040.784471153846,31503.51521935096,31747.728515625,2928100
2024-08-12,31796.570827254327,32675.7386842291,31650.042851091865,32431.525390625,2727400
2024-08-13,32431.525160498488,32480.367818872735,31991.941235130285,32333.83984375,1986100
2024-08-14,32431.525846744014,33017.63775963698,32138.469890297532,32626.896484375,2924300
2024-08-15,32529.210417065467,32529.210417065467,31845.41320109112,31894.255859375,1954700
2024-08-16,32236.15491588278,34043.33329753076,32187.312256919322,33750.27734375,4684900
2024-08-19,33799.12045863309,34141.01907598921,33701.435139388486,33945.6484375,2026300
2024-08-20,33847.96294070513,34775.97346866097,33652.592303240745,34287.546875,3129900
2024-08-21,34287.55013297872,34482.9207890071,33799.123492907805,34434.078125,2076700
2024-08-22,34775.97476652299,34775.97476652299,33896.806865122126,33994.4921875,2104500
2024-08-23,33994.49074400564,34629.4453125,33799.12010754584,34629.4453125,2069000
2024-08-26,35264.39893901569,35362.08425463623,34238.703125,34238.703125,1970400
2024-08-27,34189.86219152361,34287.547512070814,33896.80622988197,34141.01953125,1419700
2024-08-28,34385.2324684432,35264.400344056805,34238.70448917426,34824.81640625,4322400
2024-08-29,34922.501908861545,35069.02988889872,34482.91796875,34482.91796875,874100
2024-08-30,34531.76171875,34971.34567273692,34434.076395641794,34531.76171875,1249100
2024-09-04,33994.4900036023,34141.017977755764,32626.895578170028,33896.8046875,3842300
2024-09-05,34043.33477945243,34092.17744054204,33066.481557660394,33115.32421875,2268600
2024-09-06,32919.95107563406,33799.118908514494,32871.10841825181,33701.43359375,1687800
2024-09-09,33652.59093636776,33896.80422327899,33213.007019927536,33701.43359375,1066300
2024-09-10,33799.12192998533,34043.335238728,33115.32466550586,33310.6953125,1778700
2024-09-11,33310.6953125,33750.2792682368,32822.26869501466,33310.6953125,1827400
2024-09-12,33603.74936685962,34336.389251311506,33506.064048932705,33750.27734375,2146700
2024-09-13,33994.49173591041,33994.49173591041,33603.75045158959,33799.12109375,844400
2024-09-16,33896.80514640043,34385.23173352436,33799.11982897564,34092.17578125,3306400
2024-09-17,34092.17927054073,34775.9765625,33945.6512794066,34775.9765625,2885400
2024-09-18,35020.18878560127,35508.61540743671,34727.1328125,34727.1328125,3875900
2024-09-19,34873.66015625,34971.345478816525,34385.233543417366,34873.66015625,2640000
2024-09-20,35459.77385445927,35459.77385445927,34678.291235077246,34775.9765625,2374700
2024-09-23,34775.975474683546,34873.66079905063,34482.91950158228,34727.1328125,1808400
2024-09-24,34580.602308091286,35459.77016338174,34580.602308091286,35313.2421875,3633500
2024-09-25,35508.61346028646,35606.29877929688,35117.87218424479,35166.71484375,3793400
2024-09-26,35655.13843578297,36045.87967891483,35264.3971926511,35557.453125,3546000
2024-09-27,35801.66941731771,35801.66941731771,35069.029524739584,35166.71484375,2615100
2024-09-30,35264.40254589161,35264.40254589161,34775.97591783217,34922.50390625,1844800
2024-10-01,35264.400162760416,35801.66941731771,35069.029524739584,35166.71484375,4110800
2024-10-02,35069.028894363764,35752.82611514523,35069.028894363764,35313.2421875,2572200
2024-10-03,35362.08742088608,35606.3007318038,34336.391515031646,34727.1328125,3456300
2024-10-04,34922.50097936067,34922.50097936067,34092.17578125,34092.17578125,2301700
2024-10-07,34189.86283225575,34385.2334770115,33750.278881555314,33994.4921875,1552900
2024-10-08,33994.48983594865,34531.75907186163,33994.48983594865,34238.703125,1379100
2024-10-09,34434.07512819951,34824.81640625,34434.07512819951,34824.81640625,1840800
2024-10-10,34971.34438551893,35313.24300381311,34824.81640625,34824.81640625,2462700
2024-10-11,34873.65970510563,35069.03034771127,34434.07575924296,34678.2890625,2128300
2024-10-14,35069.02826919766,35606.29750451963,34775.9723226584,35459.76953125,4002000
2024-10-15,35459.773197115384,35606.301185533215,34775.97591783217,34922.50390625,2210200
2024-10-16,34873.65718057479,35264.3984375,34775.97186634349,35264.3984375,2253700
2024-10-17,35264.400162760416,35264.400162760416,34531.76027018229,35166.71484375,2683300
2024-10-18,35166.71548117155,35899.35538702929,34971.34483960948,35020.1875,4558800
2024-10-21,35020.18500865589,35166.71297940341,34385.23046875,34385.23046875,1962200
2024-10-22,34482.9153125,34531.75796875,31991.93984375,32968.79296875,8186400
2024-10-23,33066.478675956154,33066.478675956154,32284.996166627796,32724.580078125,2834600
2024-10-24,32822.26795212766,33017.63859469985,31943.100060552813,32138.470703125,3868400
2024-10-25,32333.840843023256,32333.840843023256,31454.67296511628,31503.515625,2905000
2024-10-28,31552.35787860577,31943.09915264423,31356.98724158654,31747.728515625,2184400
2024-10-29,32040.784522003032,32284.99781866464,31894.256544006068,32187.3125,1808800
2024-10-30,32187.312909140866,32431.52620890673,31845.414289468656,31943.099609375,1420900
2024-10-31,32040.78538183891,32236.156024411095,31894.257399909766,32138.470703125,1348200
2024-11-01,31943.098690257353,31943.098690257353,31308.144129136028,31552.357421875,2875500
2024-11-04,31747.72929873217,31747.72929873217,30722.033429080824,30819.71875,2648300
2024-11-05,31063.932316004673,31601.201585621104,30917.40433338201,31356.98828125,2156300
2024-11-06,31747.7265625,33066.47828125,31650.04125,32968.79296875,4992000
2024-11-07,33213.00728541979,33213.00728541979,32333.83944551162,32578.052734375,3116400
2024-11-08,32626.897309555472,32822.26795212766,32089.628042481952,32138.470703125,3288000
2024-11-11,32138.469890297532,32626.896484375,31943.099252666543,32626.896484375,2587400
2024-11-12,32675.73997019852,32919.953273413754,32138.470703125,32138.470703125,2059300
2024-11-13,31943.098286290322,32187.311575940857,31601.19968077957,31796.5703125,2498000
2024-11-14,32043.0574156746,32043.0574156746,30909.22615327381,31057.1171875,2776900
2024-11-15,30761.334526209677,31352.89865171371,30366.958442540323,30564.146484375,3097000
2024-11-18,30564.14607995586,31106.41318782604,29873.987942666532,30712.037109375,2509300
2024-11-19,30761.334189967107,30958.522229646383,29923.285021330183,29972.58203125,2306700
2024-11-20,29972.58289366883,30859.92909775771,29578.20680296266,30366.958984375,2657000
2024-11-21,30366.957907652246,30859.92800355569,30169.769869290867,30761.333984375,1808500
2024-11-22,30662.74077796319,30859.928821551377,30416.255723477956,30465.552734375,1785700
2024-11-25,30465.552734375,30761.334799757282,30366.95871258091,30465.552734375,2182500
2024-11-26,30564.14761381789,31155.71176118211,30564.14761381789,30859.9296875,2765200
2024-11-27,31057.11590625,31057.11590625,30712.036840625,30810.630859375,1369700
2024-11-28,30859.9295504386,31352.899671052633,30859.9295504386,30909.2265625,2401700
2024-11-29,30909.226699780353,31057.117736621407,30761.3356629393,30859.9296875,1809200
2024-12-02,31057.117324125596,31254.30537062798,30909.226289248807,31007.8203125,1918400
2024-12-03,31155.71088693366,31155.71088693366,30465.552734375,30465.552734375,2569400
2024-12-04,30465.552267813015,30564.1462880972,29923.28515625,29923.28515625,2916000
2024-12-05,29972.583333333336,31057.117598684214,29676.801260964912,30909.2265625,2958200
2024-12-06,31057.117632361544,32338.839947347893,30909.226596016968,31599.384765625,5687900
2024-12-09,31648.681640625,31845.86968823014,31550.08761682243,31648.681640625,2153900
2024-12-10,31796.571665846455,31845.8686761811,31254.304552165355,31303.6015625,1802500
2024-12-11,31303.602382253575,31500.79042875596,30810.632265997614,31007.8203125,2909400
2024-12-12,31155.710801737758,31747.274930884676,31155.710801737758,31205.0078125,2559700
2024-12-13,31155.711484872612,31205.008496715764,30909.226425656845,30958.5234375,1142900
2024-12-16,30958.52202273638,31155.710061097758,30613.44295560397,30761.333984375,1315600
2024-12-17,31007.819304536777,31007.819304536777,30662.740234375,30662.740234375,948600
2024-12-18,30662.741502192985,30909.2265625,30613.44449013158,30909.2265625,762900
2024-12-19,30465.552734375,30712.037788860234,30317.66170168386,30465.552734375,2228300
2024-12-20,30564.146756169095,30761.334799757282,30416.255723477956,30465.552734375,956600
2024-12-23,30859.928959430712,31007.819992782617,30268.364826023095,30416.255859375,1803400
2024-12-24,30416.25626972211,30712.03834041633,30219.068222592632,30268.365234375,1861800
2024-12-25,30416.255184259444,31057.116314559888,30416.255184259444,30662.740234375,2092700
2024-12-26,30859.928821551377,30859.928821551377,30416.255723477956,30465.552734375,1144000
2024-12-27,30465.55328150448,30761.335352198697,30268.365234375,30268.365234375,1609600
2024-12-30,30268.365646736907,30268.365646736907,30120.474609375,30120.474609375,1070600
2024-12-31,30219.067217102554,30219.067217102554,29923.28515625,29923.28515625,1178200
2025-01-02,30071.17578125,30366.95783811475,30021.87877177254,30071.17578125,946400
2025-01-03,30169.770343440592,30317.66137453589,29873.98828125,29873.98828125,1619700
2025-01-06,29873.988779496172,30169.770846619896,28986.642578125,28986.642578125,2127100
2025-01-07,29035.93864219854,29282.423690094965,27606.325364399294,27902.107421875,3865500
2025-01-08,27902.10842059337,28789.45462478185,27162.6532504363,28247.1875,2445900
2025-01-09,28395.078671328672,28690.860740821678,28197.890625,28197.890625,1108600
2025-01-10,28197.890304129465,28444.37535923549,27606.326171875,27606.326171875,1211900
2025-01-13,27754.216932412142,27852.81095348643,27211.94981650356,27704.919921875,947000
2025-01-14,27704.920882601353,27951.40594383446,27359.841796875,27359.841796875,901200
2025-01-15,27754.216661818482,27852.810681931514,27458.43460147939,27803.513671875,680400
2025-01-16,27754.216661818482,27852.810681931514,27458.43460147939,27803.513671875,680400
2025-01-17,28000.702173913043,28789.454347826086,28000.702173913043,28345.78125,1314400
2025-01-20,28740.157474956446,28740.157474956446,28247.18736389373,28296.484375,1012900
2025-01-21,28444.376237896126,28592.26727552817,28000.703125,28000.703125,1030100
2025-01-22,28049.999271065848,28197.890304129465,27606.326171875,27606.326171875,1362800
2025-01-23,27606.326889279437,28296.485061511423,27606.326889279437,28050.0,1461800
2025-01-24,28197.890082465277,28542.969156901043,28197.890082465277,28395.078125,1613200
2025-01-27,28395.078125,28395.078125,28395.078125,28395.078125,0
2025-01-28,28395.078125,28395.078125,28395.078125,28395.078125,0
2025-01-29,28395.078125,28395.078125,28395.078125,28395.078125,0
2025-01-30,28395.078125,28395.078125,28395.078125,28395.078125,0
2025-01-31,28395.078125,28395.078125,28395.078125,28395.078125,0
2025-02-03,28542.9698818109,29479.61310763889,28395.078846153847,28838.751953125,2989200
2025-02-04,29134.533338850637,29233.127360301907,28888.048285222456,29085.236328125,1364800
2025-02-05,29134.53347503714,29331.721518861417,28888.04842025679,29035.939453125,1266300
2025-02-06,29282.42519932577,29282.42519932577,28740.158066004922,28789.455078125,1349500
2025-02-07,28789.45453337585,29528.909701185163,28690.860511001276,28986.642578125,2297000
2025-02-10,28986.642252604168,28986.642252604168,28395.078125,28395.078125,1699500
2025-02-11,28542.96888516436,28542.96888516436,28247.1868241782,28493.671875,1079300
2025-02-12,28740.15733695652,28888.04836956522,28345.78125,28345.78125,958300
2025-02-13,28395.078310696095,29183.830485993207,28345.781299740025,29035.939453125,2968500
2025-02-14,29381.018044686985,30564.1462880972,29331.72103454489,29923.28515625,5564300
2025-02-17,30021.88058446706,30810.632783730565,30021.88058446706,30120.474609375,4781800
2025-02-18,30317.661837140397,30416.255859375,29923.285748201986,30416.255859375,2969100
2025-02-19,30761.334715639812,31303.60183402449,30416.25564030411,31205.0078125,6110400
2025-02-20,31254.304874661902,32043.057048154948,30958.52280960201,31895.166015625,6240800
2025-02-21,31895.16587999132,32043.05691189236,31303.601752387152,31944.462890625,3890300
2025-02-24,31993.759765625,32141.650796899077,31451.49265095339,31993.759765625,3295100
2025-02-25,32043.057735835282,32092.35474773657,31402.196581118576,31648.681640625,2746800
2025-02-26,31845.868331815567,32437.432449434433,31747.274312212423,32141.650390625,4286200
2025-02-27,32092.355056622706,32240.24609375,31451.493895737767,32240.24609375,3126500
2025-02-28,32240.24421079716,33324.77841972306,31895.165144320734,32930.40234375,6457800
2025-03-03,33127.59120090635,33176.88821162198,32536.02707231873,32634.62109375,2783900
2025-03-04,32536.026002798506,33472.669175606345,32437.431984608207,33028.99609375,5964800
2025-03-05,33127.59147727273,33127.59147727273,32536.02734375,32536.02734375,2713400
2025-03-06,32536.02849264706,33521.96875,32536.02849264706,33521.96875,4939600
2025-03-07,33521.966184701494,33620.56020289179,33028.99609375,33028.99609375,3000600
2025-03-10,33127.59065315315,33226.1846729542,32683.91756404842,32831.80859375,2626600
2025-03-11,32536.026267776946,32979.69935324663,31845.868134824104,32930.40234375,3157200
2025-03-12,32831.80996331936,32930.403987233236,32338.83984375,32338.83984375,2208000
2025-03-13,32437.433321496213,33275.48251065341,32289.542288115532,32536.02734375,4500600
2025-03-14,32536.026534346845,33176.887663053676,32486.72952444632,32831.80859375,4168200
2025-03-17,32881.10628427572,32979.70030611762,32388.136175066185,32585.32421875,2746500
2025-03-18,32733.214305763475,33275.48141022642,32486.729258280317,32930.40234375,4240900
2025-03-19,32930.402478448275,34852.985856681036,32831.808459051725,34310.71875,8590800
2025-03-20,34507.90760869565,34507.90760869565,33521.967391304344,34014.9375,2368900
2025-03-21,34014.93736432706,34803.68953509406,33867.046332308244,34064.234375,4101100
2025-03-24,34064.23547309663,34113.532485358715,33226.18626464129,33669.859375,2533500
2025-03-25,33817.749187138725,34852.98640715318,33423.3731033237,34113.53125,4845000
2025-03-26,34014.9375,34409.31358695652,33768.452445652176,34014.9375,2813400
2025-03-27,34064.23330203863,34655.797411480686,34014.93629291846,34458.609375,3998000
2025-03-28,34557.20379849138,35099.47090517241,34310.71875,34310.71875,4680600
2025-03-31,34162.828369140625,34310.719401041664,31944.462890625,31944.462890625,9067500
2025-04-01,31993.759431416798,32289.541490875195,31155.710262951336,31402.1953125,3786400
2025-04-02,31500.789197198275,31845.868265086207,31254.304148706895,31451.4921875,1929900
2025-04-03,29282.423828125,29676.799906618267,29282.423828125,29282.423828125,3332700
2025-04-04,27261.24609375,27261.24609375,27261.24609375,27261.24609375,1437200
2025-04-08,25387.9609375,25387.9609375,25387.9609375,25387.9609375,461900
2025-04-09,23613.267578125,23613.267578125,23613.267578125,23613.267578125,459100
2025-04-10,25240.0703125,25240.0703125,25240.0703125,25240.0703125,2523800
2025-04-11,24155.535006009617,26423.19747596154,23514.673873197116,25634.4453125,10906200
2025-04-14,26866.870005367367,26916.167014551527,25437.256739026718,25831.6328125,4547200
2025-04-15,25190.772661052768,25634.445760758197,24056.94140625,24056.94140625,6815900
2025-04-16,23761.1598487367,24648.506067154256,23169.595703125,23169.595703125,6426600
2025-04-17,23021.70469879907,24056.941955061982,23021.70469879907,23859.75390625,4874600
2025-04-18,24451.317219387754,24451.317219387754,24155.53515625,24155.53515625,3253400
2025-04-21,24155.53537875791,24254.129400712023,23268.189181170885,23366.783203125,2932600
2025-04-22,23268.189076513452,23317.48608726878,21739.981743098375,21986.466796875,6821400
2025-04-23,22528.733565064795,23268.188714902808,21394.902335313174,22824.515625,6047400
2025-04-24,23071.001542595543,24155.535803144903,22972.407518909236,23218.892578125,5767100
2025-04-25,23317.485921907824,23662.5649947479,23218.891901096376,23465.376953125,3552300
2025-04-28,23662.565824468085,23662.565824468085,22824.51661818484,23169.595703125,2733400
2025-04-29,23169.59515921677,23662.565268987342,22972.407115308542,23366.783203125,3078300
2025-04-30,23366.783203125,23366.783203125,23366.783203125,23366.783203125,0
2025-05-01,23366.783203125,23366.783203125,23366.783203125,23366.783203125,0
2025-05-02,23366.783203125,23366.783203125,23366.783203125,23366.783203125,0
2025-05-05,23366.783203125,23366.783203125,23366.783203125,23366.783203125,0
2025-05-06,23761.160046214787,24549.912246919015,23662.56602112676,24500.615234375,5919600
2025-05-07,24796.396854102368,24796.396854102368,23958.34765625,23958.34765625,4005900
2025-05-08,23859.754071302817,24796.397309639084,23859.754071302817,24500.615234375,4378300
2025-05-09,24796.39658000824,26176.712890625,24747.099568914782,26176.712890625,10064000
2025-05-12,26176.712890625,26176.712890625,26176.712890625,26176.712890625,0
2025-05-13,26423.1980377907,27754.21734193314,26373.901026526164,27557.029296875,8097300
2025-05-14,27951.40543193717,28444.375545375216,27852.811409249563,28247.1875,6543300
2025-05-15,28296.484326171874,28296.484326171874,27458.435138811383,27606.326171875,5543500
2025-05-16,27704.919921875,27902.107964023577,27064.058784892124,27704.919921875,4569500
2025-05-19,27113.356287339153,27655.623413085938,26817.57421875,26817.57421875,3455100
2025-05-20,27113.356287339153,27655.623413085938,26817.57421875,26817.57421875,3455100
2025-05-21,26817.574796931407,27606.326996841155,26620.38674695397,27310.544921875,3284000
2025-05-22,27557.029110863095,27557.029110863095,26768.276935954673,26916.16796875,2845700
2025-05-23,26866.87021720787,27310.543303363596,26472.494140625,26472.494140625,3665000
2025-05-26,26817.573656845754,28444.375,26127.415511265164,28444.375,7422100
2025-05-27,26817.573656845754,28444.375,26127.415511265164,28444.375,7422100
2025-05-28,28986.642578125,29085.236600499575,28690.860511001276,28986.642578125,5066500
2025-05-29,29085.235923008007,29972.58210370995,28838.750872813027,29233.126953125,5838800
2025-05-30,29873.988779496172,29873.988779496172,28937.34556693771,28986.642578125,4316900
2025-06-02,28148.593653343643,28937.345839777092,28148.593653343643,28888.048828125,3274700
2025-06-03,28148.593653343643,28937.345839777092,28148.593653343643,28888.048828125,3274700
2025-06-04,28986.64230667373,29233.127360301907,28838.751274496823,29085.236328125,3373000
2025-06-05,29282.42533903302,29430.316376098843,28641.564178414454,28740.158203125,2090200
2025-06-06,28789.455078125,29282.42519932577,28690.861053884844,28789.455078125,2329100
2025-06-09,28050.000109290388,28247.188159267826,26965.465834414485,27310.544921875,2841100
2025-06-10,28050.000109290388,28247.188159267826,26965.465834414485,27310.544921875,2841100
2025-06-11,27507.731745392986,28099.295868949823,27359.840714503775,27754.216796875,1650100
2025-06-12,28049.999968327706,28049.999968327706,27211.950760135136,27359.841796875,1332600
2025-06-13,27606.326619964973,28395.07880910683,27606.326619964973,28148.59375,2196400
2025-06-16,26817.573995535713,27606.326171875,26817.573995535713,27606.326171875,1588300
2025-06-17,26817.573995535713,27606.326171875,26817.573995535713,27606.326171875,1588300
2025-06-18,27803.51373269896,28493.671875,27655.62270220588,28493.671875,4712300
2025-06-19,28592.265625,29035.938712284482,28345.78057650862,28592.265625,3837000
2025-06-20,28592.26706208194,30021.88041518604,28592.26706208194,29479.61328125,7153300
2025-06-23,28444.374400298868,30366.957765310402,28049.998325424705,29381.017578125,4683800
2025-06-24,28444.374400298868,30366.957765310402,28049.998325424705,29381.017578125,4683800
2025-06-25,29775.394063553962,29775.394063553962,29035.938912969013,29233.126953125,5252900
2025-06-26,29578.20680296266,30909.22610909598,29282.424734933036,30366.958984375,6556600
2025-06-27,30366.95783811475,30465.55185706967,29824.690733862702,30071.17578125,1932500
2025-06-30,30120.473333075493,30514.849415996287,29726.097250154704,29873.98828125,2514100
2025-07-01,30120.473333075493,30514.849415996287,29726.097250154704,29873.98828125,2514100
2025-07-02,30219.067011311196,30859.92813879414,29972.58196227929,30712.037109375,5298600
2025-07-03,30761.33385,31944.462075,30662.73983125,30810.630859375,4471900
2025-07-04,30021.879252665753,30219.067293734166,28838.75100625528,29183.830078125,13342000
2025-07-07,29282.423693539917,29676.799770220587,29134.532664784663,29331.720703125,2774500
2025-07-08,29282.423693539917,29676.799770220587,29134.532664784663,29331.720703125,2774500
2025-07-09,30071.1771484375,30120.47416015625,29381.018984375,29578.20703125,4327300
2025-07-10,29824.69250549623,29824.69250549623,29381.01939384422,29430.31640625,3949300
2025-07-11,29479.612736191862,30219.067905159885,29331.721702398256,29676.80078125,5198000
2025-07-14,29873.98927533646,30465.553419402528,29233.128119264886,30219.068359375,5703300
2025-07-15,29873.98927533646,30465.553419402528,29233.128119264886,30219.068359375,5703300
2025-07-16,30268.36491642442,30416.255950218023,29676.80078125,29676.80078125,4106500
2025-07-17,29775.39549309045,29873.98951790201,29430.31640625,29430.31640625,4022600
2025-07-18,29676.800917741264,30268.365055636437,29479.612871776208,29627.50390625,6703000
2025-07-21,30169.771484375,30859.92965558619,30021.880447686886,30169.771484375,5345100
2025-07-22,30169.771484375,30859.92965558619,30021.880447686886,30169.771484375,5345100
2025-07-23,30071.175915948275,30268.36395474138,29676.79983836207,30021.87890625,3675700
2025-07-24,30219.067277450686,30761.334390096617,30169.770267210144,30613.443359375,6916300
2025-07-25,31057.11678021327,31697.977920122434,30613.44368335308,31205.0078125,6627900
2025-07-28,30859.929413813694,31500.790567774682,30613.44435459793,30958.5234375,9787300
2025-07-29,30859.929413813694,31500.790567774682,30613.44435459793,30958.5234375,9787300
2025-07-30,31352.898821504237,31550.086864406778,29085.236328125,29085.236328125,9990800
2025-07-31,29134.533338850637,29676.800456832625,28542.96921014301,29085.236328125,4900900
2025-08-01,29972.58284883721,30514.849972747095,29233.127679869187,29676.80078125,5841300
2025-08-04,29183.83120819398,29824.692366482024,29183.83120819398,29479.61328125,2427700
2025-08-05,29183.83120819398,29824.692366482024,29183.83120819398,29479.61328125,2427700
2025-08-06,29578.207168196994,30514.8503951899,28395.078881469115,29528.91015625,6630700
2025-08-07,29627.50336389463,29972.58243801653,29381.018310950414,29824.69140625,4244400
2025-08-08,30465.552194282554,31451.492394744775,30317.661164213223,30662.740234375,8822900
2025-08-11,30219.067008363687,32240.244410228144,30219.067008363687,32141.650390625,16551700
2025-08-12,30219.067008363687,32240.244410228144,30219.067008363687,32141.650390625,16551700
2025-08-13,32486.729869871917,32486.729869871917,31451.49265095339,31993.759765625,5985900
2025-08-14,32141.65025602986,32733.214371171514,31550.08614088821,32190.947265625,9515500
2025-08-15,32240.245783440423,32338.83980724299,31451.493593019863,31648.681640625,7598600
2025-08-18,30958.52249015748,31747.27465551181,30859.92846948819,31303.6015625,4974300
2025-08-19,30958.52249015748,31747.27465551181,30859.92846948819,31303.6015625,4974300
2025-08-20,31550.086887835703,31796.571941646922,31106.413790975515,31205.0078125,4565400
2025-08-21,31402.196310292118,32388.136539814634,30712.038149626358,31747.275390625,9685600
2025-08-22,32141.65087736593,32979.70005668375,31205.007676951893,31254.3046875,6927300
2025-08-25,29479.613501320422,29578.207526408452,27951.406112455985,28000.703125,4989200
2025-08-26,29479.613501320422,29578.207526408452,27951.406112455985,28000.703125,4989200
2025-08-27,28099.29690844392,28838.752090245078,27852.811847843535,28789.455078125,3730100
2025-08-28,28986.643264901373,29183.83131432247,28592.267166059177,28740.158203125,2712000
2025-08-29,29035.940138725386,29035.940138725386,28641.56404176477,28789.455078125,2640700
2025-09-01,28789.455078125,28789.455078125,28789.455078125,28789.455078125,0
2025-09-02,28789.455078125,28789.455078125,28789.455078125,28789.455078125,0
2025-09-03,28641.563769864548,29282.424921341724,28592.26675821246,28888.048828125,2775000
2025-09-04,28641.563769864548,29282.424921341724,28592.26675821246,28888.048828125,2775000
2025-09-05,29085.236328125,29282.42437102754,28888.048285222456,29085.236328125,3336000
2025-09-08,29873.988444010418,29873.988444010418,28395.078125,28395.078125,4599400
2025-09-09,29873.988444010418,29873.988444010418,28395.078125,28395.078125,4599400
2025-09-10,28395.078671328672,28592.26671765734,28000.702578671328,28197.890625,2423500
2025-09-11,28493.671536826412,28493.671536826412,27852.810412295716,27902.107421875,2812000
2025-09-12,28197.890217391305,28395.078260869566,27606.32608695652,28345.78125,2590300
2025-09-15,29085.23731940955,29578.207443467338,28937.34628219221,29430.31640625,2734300
2025-09-16,29085.23731940955,29578.207443467338,28937.34628219221,29430.31640625,2734300
2025-09-17,29726.097606509975,29726.097606509975,29035.939453125,29035.939453125,2089300
2025-09-18,29085.23599697232,29183.83001730104,28493.671875,28493.671875,2606000
2025-09-19,28592.266167534723,28592.266167534723,28197.890082465277,28395.078125,1614500
2025-09-22,28296.483498509275,28444.374527247128,27852.810412295716,27902.107421875,1376400
2025-09-23,28296.483498509275,28444.374527247128,27852.810412295716,27902.107421875,1376400
2025-09-24,28296.48404832073,28296.48404832073,27704.919921875,27704.919921875,841800
2025-09-25,27754.21752076049,28197.890625,27606.326486013986,28197.890625,1004700
2025-09-26,28395.078125,28592.266167534723,28197.890082465277,28395.078125,1186300
2025-09-29,28197.889615597345,28296.4836352323,27852.810546875,27852.810546875,827200
2025-09-30,28197.889615597345,28296.4836352323,27852.810546875,27852.810546875,827200
2025-10-01,27852.81205931295,27902.10907180731,27064.0598594032,27310.544921875,2051500
2025-10-02,27359.84152336737,27606.326582136444,27359.84152336737,27458.435546875,690600
2025-10-03,27507.73209993132,27655.62313272665,26768.276935954673,26916.16796875,1751100
2025-10-06,26916.16729525862,27162.65234375,26521.791217672413,27162.65234375,2309200
2025-10-07,26916.16729525862,27162.65234375,26521.791217672413,27162.65234375,2309200
2025-10-08,27261.246907849636,27507.731961265996,26916.167833066727,26965.46484375,989500
2025-10-09,27310.5436446949,27458.43467526184,26916.16756318306,27064.05859375,1029600
2025-10-10,27113.356061662947,28148.593293108257,26768.27698451451,27606.326171875,3675400
2025-10-13,27507.73273026316,28542.969983552633,27458.435718201756,28099.296875,3580700
2025-10-14,27507.73273026316,28542.969983552633,27458.435718201756,28099.296875,3580700
2025-10-15,28345.78175844367,28345.78175844367,27409.138535121183,27458.435546875,2466800
2025-10-16,27458.43467526184,27655.62271601776,26866.870552994078,27064.05859375,2559800
2025-10-17,27211.950310202206,27310.544333065256,26718.980195886947,26817.57421875,3624800
2025-10-20,26620.385597153465,26916.167659344057,24894.990234375,24894.990234375,3351500
2025-10-21,26620.385597153465,26916.167659344057,24894.990234375,24894.990234375,3351500
2025-10-22,24648.50478284941,25535.850955031987,24155.53468719242,25042.880859375,3055400
2025-10-23,25338.663834021227,26127.416015625,25190.772799970517,26127.416015625,2127900
2025-10-24,26324.60317887931,26373.900188577587,25733.0390625,25733.0390625,872300
2025-10-27,26718.979656135947,27754.21687528513,26718.979656135947,27014.76171875,3939900
2025-10-28,26718.979656135947,27754.21687528513,26718.979656135947,27014.76171875,3939900
2025-10-29,27113.355334051725,27211.949353448275,26373.900188577587,27162.65234375,1413900
2025-10-30,27359.84084811499,28197.89002724644,27064.058784892124,27704.919921875,3912600
2025-10-31,27902.107287533072,28148.592334242727,27211.94915674603,27951.404296875,3349800
2025-11-03,28690.85943700397,29035.938502397486,27951.404296875,27951.404296875,5166700
2025-11-04,28099.296195652172,28542.96929347826,26965.464945652173,28345.78125,3723200
2025-11-05,28099.296195652172,28542.96929347826,26965.464945652173,28345.78125,3723200
2025-11-06,29233.127586019164,29479.61264155052,28296.484375,28296.484375,3783400
2025-11-07,28247.18787587118,28641.563971869382,27409.138671875,27409.138671875,3195500
2025-11-10,27704.920330668607,28296.484465843023,27359.841251816862,27557.029296875,2280900
2025-11-11,27803.51449092742,27902.10851394489,27310.544375840054,27507.732421875,1510800
2025-11-12,27704.920913884005,28099.297012302286,27557.029876977154,28050.0,1674100
2025-11-13,28200.0,29100.0,28200.0,28500.0,3905600
2025-11-14,28500.0,28950.0,28300.0,28400.0,2269200
2025-11-17,28800.0,29250.0,28500.0,29100.0,4627400
2025-11-18,29100.0,29150.0,28250.0,28250.0,4239500
2025-11-19,28350.0,28700.0,27650.0,28000.0,2915700
2025-11-20,28100.0,28450.0,27550.0,28000.0,1872300
2025-11-21,27650.0,27950.0,27450.0,27800.0,1915000
2025-11-24,28000.0,28100.0,27700.0,27700.0,884600
2025-11-25,27600.0,28100.0,27000.0,27100.0,2656500
2025-11-26,27150.0,27800.0,27150.0,27500.0,1192000
2025-11-27,27550.0,27900.0,27500.0,27900.0,1797500
2025-11-28,27900.0,27900.0,27250.0,27300.0,2071100
2025-12-01,27350.0,27600.0,26700.0,26700.0,1889700
2025-12-02,26400.0,27800.0,26400.0,27750.0,2666600
2025-12-03,27750.0,27900.0,27450.0,27700.0,2066500
2025-12-04,27750.0,27900.0,27450.0,27700.0,2066500
2025-12-05,28000.0,28000.0,27200.0,27400.0,3578600
2025-12-08,27450.0,27550.0,26800.0,26950.0,3507000
2025-12-09,26900.0,27150.0,26550.0,26900.0,2669000
2025-12-10,26800.0,27100.0,26750.0,26750.0,1098300
2025-12-11,26800.0,27000.0,26600.0,26650.0,1028300
2025-12-12,26700.0,26800.0,25100.0,25300.0,2898000
2025-12-15,25300.0,26000.0,25250.0,25600.0,1872800
2025-12-16,25800.0,26500.0,25600.0,26500.0,1904800
2025-12-17,26500.0,26650.0,26200.0,26300.0,1757900
2025-12-18,26500.0,26650.0,26200.0,26300.0,1757900
2025-12-19,26500.0,26750.0,26450.0,26450.0,855000
2025-12-22,26450.0,26800.0,26450.0,26600.0,1127300
2025-12-23,26650.0,26850.0,26250.0,26250.0,1072000
2025-12-24,26400.0,26600.0,25900.0,26000.0,1436000
2025-12-25,26400.0,26600.0,25900.0,26000.0,1436000
2025-12-26,25550.0,25950.0,25200.0,25500.0,1406500
2025-12-29,25600.0,26200.0,25600.0,26000.0,1106300
2025-12-30,26200.0,26900.0,26150.0,26600.0,2111300
2025-12-31,26600.0,26800.0,26200.0,26200.0,1021300
2026-01-01,26200.0,26200.0,26200.0,26200.0,0
2026-01-02,26200.0,26200.0,26200.0,26200.0,0
2026-01-05,26200.0,26450.0,25500.0,25750.0,1408600
2026-01-06,25850.0,27550.0,25850.0,27550.0,4061800
2026-01-07,28550.0,29450.0,28500.0,29450.0,13681500
2026-01-08,30900.0,30900.0,29600.0,30050.0,10234200
2026-01-09,30400.0,32000.0,30300.0,31600.0,9394000
2026-01-12,32300.0,32950.0,31000.0,32200.0,8946600
2026-01-13,32100.0,34450.0,31550.0,34000.0,14389700
2026-01-14,34300.0,36350.0,33700.0,36350.0,14095400
2026-01-15,36350.0,38850.0,35800.0,37350.0,11037100
2026-01-16,37400.0,38500.0,35550.0,35900.0,8596200
2026-01-19,36000.0,38400.0,35950.0,38000.0,9356800
2026-01-20,39200.0,40650.0,37600.0,39000.0,10142500
2026-01-21,38000.0,39500.0,36500.0,38500.0,8356100
2026-01-22,39050.0,40800.0,38500.0,39000.0,7081600
2026-01-23,38550.0,38850.0,36600.0,36900.0,6548400
2026-01-26,36650.0,39350.0,36650.0,38650.0,8681600
2026-01-27,38700.0,40600.0,38400.0,39850.0,8227600
2026-01-28,41150.0,42400.0,38200.0,38200.0,13817900
2026-01-29,38200.0,40850.0,37900.0,40850.0,9435700
2026-01-30,40850.0,41800.0,39650.0,39850.0,6315900
2026-02-02,40000.0,41800.0,39650.0,41800.0,8064000
2026-02-03,42000.0,43800.0,41000.0,42800.0,9200800
2026-02-04,42600.0,43000.0,40500.0,41700.0,6342400
2026-02-05,41700.0,41700.0,40000.0,40000.0,6209000
2026-02-06,39000.0,40850.0,38850.0,39000.0,5838700
2026-02-09,39500.0,39700.0,38600.0,38650.0,2801400
2026-02-10,38000.0,38900.0,35950.0,35950.0,10816400
2026-02-11,35950.0,36800.0,35200.0,35300.0,5445000
2026-02-12,36000.0,36200.0,35300.0,35350.0,2433900
2026-02-13,35500.0,36400.0,35100.0,36400.0,3173000
2026-02-16,36400.0,36400.0,36400.0,36400.0,0
2026-02-17,36400.0,36400.0,36400.0,36400.0,0
2026-02-18,36400.0,36400.0,36400.0,36400.0,0
2026-02-19,36400.0,36400.0,36400.0,36400.0,0
2026-02-20,36400.0,36400.0,36400.0,36400.0,0
2026-02-23,37500.0,38900.0,37000.0,38900.0,2792600
2026-02-24,39550.0,40300.0,39050.0,39450.0,8201000
2026-02-25,39800.0,42200.0,39500.0,42200.0,11972300
2026-02-26,42600.0,42900.0,40050.0,40800.0,6612100
2026-02-27,40800.0,42300.0,39800.0,40000.0,6357900
2026-03-02,38800.0,42800.0,37500.0,42800.0,16546200
2026-03-03,38800.0,42800.0,37500.0,42800.0,16546200
2026-03-04,46000.0,46500.0,42800.0,43600.0,8585300
2026-03-05,42600.0,42900.0,40550.0,40550.0,7891200
2026-03-06,39650.0,41100.0,37750.0,37750.0,8579500
2026-03-09,35150.0,35150.0,35150.0,35150.0,1767500
2026-03-10,35150.0,36100.0,32700.0,33350.0,14546300
2026-03-11,33350.0,35650.0,33350.0,35650.0,4178200
2026-03-12,35700.0,37850.0,35100.0,35800.0,5803200
2026-03-13,35300.0,36050.0,33300.0,34000.0,7857500
2026-03-16,33300.0,34400.0,32500.0,33050.0,4862300
2026-03-17,33900.0,34100.0,33200.0,33300.0,2762700
2026-03-18,33050.0,34500.0,32950.0,34000.0,3530400
2026-03-19,33500.0,33500.0,32050.0,32450.0,4199100
2026-03-20,32400.0,32400.0,30700.0,30750.0,4793600
2026-03-23,29700.0,30500.0,28600.0,28600.0,5932600
2026-03-24,29300.0,29850.0,28600.0,28700.0,3819500
2026-03-25,29450.0,30500.0,29350.0,30500.0,3946500
2026-03-26,30250.0,30500.0,29650.0,30000.0,2429400
2026-03-27,30000.0,32100.0,30000.0,32100.0,4463000
2026-03-30,31200.0,33400.0,31150.0,33100.0,5368600
2026-03-31,33500.0,33500.0,31700.0,31700.0,3647100
2026-04-01,32500.0,33000.0,32300.0,32500.0,3228800
2026-04-02,31800.0,32650.0,31800.0,32100.0,2491400
2026-04-03,32100.0,32900.0,31500.0,32050.0,2702000
2026-04-06,31900.0,31900.0,30850.0,31450.0,1823400
2026-04-07,31600.0,31850.0,30500.0,31500.0,1758900
2026-04-08,32500.0,33400.0,32050.0,33200.0,3915600
2026-04-09,32700.0,33000.0,32350.0,32800.0,2438700
2026-04-10,32800.0,34100.0,32700.0,33650.0,4553100
2026-04-13,33000.0,34150.0,32600.0,32600.0,3696900
2026-04-14,33000.0,33100.0,32350.0,32700.0,2532000
2026-04-15,33100.0,33150.0,31900.0,33000.0,3427600
2026-04-16,32900.0,32950.0,32150.0,32200.0,2608700
2026-04-17,32400.0,34150.0,32250.0,33500.0,7670800
2026-04-20,33500.0,33750.0,32850.0,33000.0,2060200
2026-04-21,33000.0,33200.0,32450.0,32650.0,2498000
2026-04-22,32800.0,32800.0,32200.0,32750.0,1974400
2026-04-23,32900.0,33450.0,32100.0,32600.0,2807500
2026-04-24,32700.0,33500.0,32700.0,33350.0,3028100
2026-04-27,33350.0,33350.0,33350.0,33350.0,0
2026-04-28,33300.0,33400.0,32300.0,33000.0,2409800
2026-04-29,32850.0,34300.0,32500.0,33700.0,4047300
2026-04-30,33700.0,33700.0,33700.0,33700.0,0
2026-05-01,33700.0,33700.0,33700.0,33700.0,0
2026-05-04,34200.0,36050.0,33800.0,36050.0,8648600
2026-05-05,36100.0,36450.0,34700.0,35200.0,3995600
2026-05-06,35300.0,35950.0,34900.0,35800.0,4387700
2026-05-07,35800.0,36900.0,35250.0,35850.0,5267800
2026-05-08,35850.0,36600.0,34950.0,35700.0,3718400
2026-05-11,35900.0,35900.0,34650.0,34750.0,4902100
2026-05-12,34800.0,36450.0,34200.0,36300.0,4448700
2026-05-13,36400.0,37800.0,36300.0,36800.0,6025700
2026-05-14,37100.0,37200.0,36100.0,36200.0,2812800
2026-05-15,36800.0,37850.0,36500.0,37750.0,6754600
2026-05-18,37700.0,40000.0,37000.0,39300.0,5789400
2026-05-19,39600.0,39600.0,36550.0,36550.0,8321000
2026-05-20,35950.0,37800.0,34000.0,37600.0,8781200
2026-05-21,37650.0,37950.0,36000.0,36200.0,2582700
2026-05-22,36500.0,36500.0,35200.0,35300.0,2908400
2026-05-25,34950.0,35300.0,34300.0,34300.0,2522300
2026-05-26,34650.0,35300.0,34350.0,35150.0,1557200
2026-05-27,35500.0,35500.0,34350.0,34800.0,2334400
2026-05-28,34550.0,35300.0,34250.0,34350.0,2688300
2026-05-29,34550.0,35000.0,33800.0,34900.0,3248500
2026-06-01,35250.0,35700.0,34850.0,35050.0,2044700
